x,y,z
3.982675790786743,2.1556789875030518,-8.705767982064572e-07
3.9650025367736816,2.165041446685791,-8.703922276254161e-07
3.9473071098327637,2.1743621826171875,-8.700635021341441e-07
3.929748058319092,2.183927536010742,-8.695398605595983e-07
3.9123594760894775,2.193798303604126,-8.687723038747208e-07
3.8950231075286865,2.203760862350464,-8.679312486492563e-07
3.8778700828552246,2.2140302658081055,-8.668399686939665e-07
3.8608827590942383,2.224575996398926,-8.65523134052637e-07
3.8439736366271973,2.235243320465088,-8.64105231812573e-07
3.8272604942321777,2.2462148666381836,-8.624330689599446e-07
3.8106656074523926,2.2573697566986084,-8.606077130934864e-07
3.794215202331543,2.268733024597168,-8.586040962654806e-07
3.7779712677001953,2.2803945541381836,-8.563443998355069e-07
3.7617900371551514,2.292146682739258,-8.540072258256259e-07
3.745847225189209,2.3042142391204834,-8.513908369423007e-07
3.7301430702209473,2.316598653793335,-8.484940963171539e-07
3.714512348175049,2.3290724754333496,-8.45515330638591e-07
3.699127674102783,2.3418450355529785,-8.422623523074435e-07
3.6839160919189453,2.354828357696533,-8.388158789784939e-07
3.668837308883667,2.3679606914520264,-8.352272971023922e-07
3.653982162475586,2.381345272064209,-8.313995749631431e-07
3.6392171382904053,2.394831418991089,-8.27474650577642e-07
3.624652624130249,2.408529281616211,-8.233419066527858e-07
3.610311508178711,2.422463893890381,-8.189765026145324e-07
3.5960376262664795,2.436466693878174,-8.145430001604836e-07
3.5819859504699707,2.450690507888794,-8.098850230453536e-07
3.5681135654449463,2.4650931358337402,-8.050456017372198e-07
3.5543479919433594,2.47959566116333,-8.001002811397484e-07
3.5408010482788086,2.4943032264709473,-7.949395239847945e-07
3.527364730834961,2.5091145038604736,-7.896694000919524e-07
3.5140960216522217,2.524074077606201,-7.842368177080061e-07
3.5010392665863037,2.5392210483551025,-7.785989737385535e-07
3.4880449771881104,2.5544228553771973,-7.729005346845952e-07
3.475254535675049,2.5697951316833496,-7.670074637644575e-07
3.462649345397949,2.585322856903076,-7.609372687511495e-07
3.4501287937164307,2.600917100906372,-7.547868108304101e-07
3.4378254413604736,2.616683006286621,-7.484303523597191e-07
3.425654888153076,2.6325533390045166,-7.419479288728326e-07
3.4136087894439697,2.648516893386841,-7.353472710747155e-07
3.4017434120178223,2.6646156311035156,-7.285750598384766e-07
3.38993501663208,2.6807565689086914,-7.217492452582519e-07
3.3782877922058105,2.6970131397247314,-7.14767907084024e-07
3.366805076599121,2.7133870124816895,-7.076291694829706e-07
3.355367660522461,2.7297921180725098,-7.004463213888812e-07
3.3440804481506348,2.746300458908081,-6.931165899004554e-07
3.332900047302246,2.762882709503174,-6.856819254608126e-07
3.3217990398406982,2.77951717376709,-6.781672254874138e-07
3.310833215713501,2.796241283416748,-6.705159876219113e-07
3.299923896789551,2.8130030632019043,-6.628081905546424e-07
3.28912091255188,2.8298325538635254,-6.549882982653799e-07
3.2784371376037598,2.8467392921447754,-6.470418156823143e-07
3.2677865028381348,2.8636670112609863,-6.390592943716911e-07
3.257239818572998,2.880659341812134,-6.309599598353088e-07
3.2467780113220215,2.897704601287842,-6.22765298885497e-07
3.2363579273223877,2.9147751331329346,-6.145187967376842e-07
3.226025104522705,2.931898832321167,-6.061649742150621e-07
3.2157373428344727,2.949049711227417,-5.977556725156319e-07
3.2055041790008545,2.966233253479004,-5.892696890441584e-07
3.195340633392334,2.9834582805633545,-5.806857643619878e-07
3.185196876525879,3.000694990158081,-5.720727358493605e-07
3.175107002258301,3.01796293258667,-5.633652335745865e-07
3.1650664806365967,3.0352602005004883,-5.545711019294686e-07
3.1550378799438477,3.0525639057159424,-5.457461611513281e-07
3.1450395584106445,3.06988525390625,-5.368402753447299e-07
3.1350595951080322,3.087217092514038,-5.278843104861153e-07
3.1250863075256348,3.104552745819092,-5.188821887713857e-07
3.115121364593506,3.121893882751465,-5.098120254842797e-07
3.105159282684326,3.1392362117767334,-5.007201480111689e-07
3.095186710357666,3.1565723419189453,-4.915706313113333e-07
3.0852034091949463,3.1739022731781006,-4.823622248295578e-07
3.0752108097076416,3.1912271976470947,-4.7313886852862197e-07
3.0651867389678955,3.208533763885498,-4.638660300315678e-07
3.0551397800445557,3.2258269786834717,-4.545574654457596e-07
3.0450620651245117,3.2431023120880127,-4.452260782272788e-07
3.034931182861328,3.2603464126586914,-4.358550995675614e-07
3.024777889251709,3.2775771617889404,-4.2646740894269897e-07
3.0145578384399414,3.2947683334350586,-4.17054195622768e-07
3.0042622089385986,3.3119144439697266,-4.0761196373750863e-07
2.9939396381378174,3.3290443420410156,-3.9816308117224253e-07
2.983517646789551,3.3461132049560547,-3.886965771471296e-07
2.973013401031494,3.3631319999694824,-3.7921552120678825e-07
2.9624502658843994,3.3801140785217285,-3.697321062645642e-07
2.9517626762390137,3.397017478942871,-3.602436038363521e-07
2.9410102367401123,3.4138803482055664,-3.507524297674536e-07
2.9301414489746094,3.4306674003601074,-3.4126810533052776e-07
2.9191226959228516,3.447356700897217,-3.3179259162352537e-07
2.9080569744110107,3.464015007019043,-3.223208580038772e-07
2.896815061569214,3.480553388595581,-3.128736238977581e-07
2.8854095935821533,3.496980905532837,-3.0344909873747383e-07
2.8739283084869385,3.5133543014526367,-2.9404023393908574e-07
2.862243175506592,3.5295822620391846,-2.846733764272358e-07
2.850430965423584,3.5457189083099365,-2.7533297952686553e-07
2.83846378326416,3.561738967895508,-2.6603416358739196e-07
2.826266050338745,3.577584743499756,-2.567971648659295e-07
2.813992738723755,3.5933730602264404,-2.4758060135354754e-07
2.8014702796936035,3.6089608669281006,-2.3844580709919683e-07
2.788691282272339,3.624342203140259,-2.293952263698884e-07
2.7758285999298096,3.6396517753601074,-2.203766342745439e-07
2.7626848220825195,3.6547179222106934,-2.1146723838683101e-07
2.749335765838623,3.6696064472198486,-2.0263753697236098e-07
2.7358150482177734,3.6843338012695312,-1.938855689331831e-07
2.7219910621643066,3.698777675628662,-1.8527036615978432e-07
2.7080368995666504,3.713099479675293,-1.7671416685516306e-07
2.69380521774292,3.727137327194214,-1.683023924670124e-07
2.6792540550231934,3.7408487796783447,-1.600570840309956e-07
2.664605140686035,3.754455089569092,-1.5186682844614552e-07
2.649625539779663,3.767688751220703,-1.4387430269380275e-07
2.6343700885772705,3.7806129455566406,-1.3604645232589974e-07
2.6189589500427246,3.793342351913452,-1.2832578022425878e-07
2.603213310241699,3.8056540489196777,-1.2083471290225134e-07
2.5872890949249268,3.8177428245544434,-1.1346613604246159e-07
2.571112632751465,3.8294782638549805,-1.0629712221543741e-07
2.5546064376831055,3.840752124786377,-9.938882783444569e-08
2.5380024909973145,3.8518853187561035,-9.256035582438926e-08
2.521083354949951,3.862518072128296,-8.602103207522305e-08
2.50386905670166,3.872682571411133,-7.97521124695777e-08
2.48654842376709,3.88265323638916,-7.359714260246619e-08
2.4689345359802246,3.8920912742614746,-6.775535155156831e-08
2.45113468170166,3.901190757751465,-6.21127895783502e-08
2.4331612586975098,3.9099223613739014,-5.6689820837618754e-08
2.4149255752563477,3.9180996417999268,-5.159805738230716e-08
2.3966012001037598,3.9260900020599365,-4.6617898874501407e-08
2.3780596256256104,3.933537006378174,-4.196671454792522e-08
2.3592920303344727,3.9404184818267822,-3.765740075323265e-08
2.3404667377471924,3.947131633758545,-3.345106591723379e-08
2.3214545249938965,3.9532816410064697,-2.9589397598783762e-08
2.3023040294647217,3.9590158462524414,-2.598227410999243e-08
2.2830705642700195,3.964442014694214,-2.2565519230965947e-08
2.263688802719116,3.969318389892578,-1.94884357540559e-08
2.2442421913146973,3.9739532470703125,-1.6560580462510188e-08
2.2246997356414795,3.9781360626220703,-1.3914488228294886e-08
2.2050459384918213,3.9817934036254883,-1.1596142712733126e-08
2.18536376953125,3.9852983951568604,-9.373064990825242e-09
2.165602684020996,3.988308906555176,-7.460256412628041e-09
2.145775318145752,3.9909043312072754,-5.808421299491329e-09
2.1259231567382812,3.993271827697754,-4.3008587802262355e-09
2.1060163974761963,3.9951415061950684,-3.108210355762253e-09
2.086080312728882,3.9967410564422607,-2.0862203076177366e-09
2.066124200820923,3.997962474822998,-1.305472729917767e-09
2.0461418628692627,3.9986844062805176,-8.432947673497893e-10
2.026153087615967,3.9992880821228027,-4.662952801659515e-10
2.006166458129883,3.9999489784240723,-2.2845414449079726e-10
1.9861810207366943,4.000663757324219,-1.219200712609947e-10
1.966223955154419,4.001706123352051,-3.43264305868729e-11
1.9463460445404053,4.003670692443848,0.0
1.9265193939208984,4.006229877471924,0.0
1.9067754745483398,4.009283542633057,0.0
1.8871573209762573,4.013092994689941,0.0
1.8675826787948608,4.0171637535095215,0.0
1.848182201385498,4.021940231323242,0.0
1.828964114189148,4.027457237243652,0.0
1.8097953796386719,4.03313684463501,0.0
1.7907884120941162,4.039326190948486,0.0
1.7719022035598755,4.045896053314209,0.0
1.7531015872955322,4.052696228027344,0.0
1.7344560623168945,4.0599141120910645,0.0
1.7158803939819336,4.067318916320801,0.0
1.6974371671676636,4.075038909912109,0.0
1.6791495084762573,4.083129405975342,0.0
1.6609065532684326,4.091320991516113,0.0
1.642805576324463,4.099818229675293,0.0
1.6248257160186768,4.108574390411377,0.0
1.6068992614746094,4.117437362670898,0.0
1.5890913009643555,4.126535415649414,0.0
1.5713489055633545,4.135764122009277,0.0
1.553686261177063,4.1451416015625,0.0
1.536130428314209,4.154719352722168,0.0
1.5186058282852173,4.164355278015137,0.0
1.501176357269287,4.174160957336426,0.0
1.483837366104126,4.184126853942871,0.0
1.4665274620056152,4.194143295288086,0.0
1.4493011236190796,4.204302787780762,0.0
1.4321298599243164,4.214555740356445,0.0
1.4150059223175049,4.224886894226074,0.0
1.397955060005188,4.235339164733887,0.0
1.3809304237365723,4.2458343505859375,0.0
1.3639657497406006,4.256425380706787,0.0
1.347064733505249,4.267118453979492,0.0
1.3301804065704346,4.277837753295898,0.0
1.3133503198623657,4.288641929626465,0.0
1.2965612411499023,4.2995100021362305,0.0
1.279796838760376,4.310416221618652,0.0
1.263078212738037,4.321393013000488,0.0
1.2463806867599487,4.332400798797607,0.0
1.2297143936157227,4.343456268310547,0.0
1.2130855321884155,4.354568958282471,0.0
1.1964671611785889,4.365696907043457,0.0
1.17987859249115,4.37686824798584,0.0
1.1633156538009644,4.388078212738037,0.0
1.1467626094818115,4.399302959442139,0.0
1.1302318572998047,4.410560607910156,0.0
1.1137136220932007,4.421836853027344,0.0
1.097206950187683,4.433129787445068,0.0
1.0807156562805176,4.444445610046387,0.0
1.064228892326355,4.455766677856445,0.0
1.047750473022461,4.467101097106934,0.0
1.0312801599502563,4.478446960449219,0.0
1.014810562133789,4.48979377746582,0.0
0.9983428716659546,4.501143455505371,0.0
0.9818764328956604,4.512494087219238,0.0
0.9654067754745483,4.52384090423584,0.0
0.9489318132400513,4.535180568695068,0.0
0.9324551820755005,4.546517372131348,0.0
0.9159677028656006,4.557838439941406,0.0
0.899468719959259,4.569141387939453,0.0
0.8829641938209534,4.580438137054443,0.0
0.8664411306381226,4.591707229614258,0.0
0.8499038219451904,4.602954864501953,0.0
0.8333525657653809,4.614182949066162,0.0
0.8167755603790283,4.625372409820557,0.0
0.8001869916915894,4.636544227600098,0.0
0.7835704684257507,4.647674560546875,0.0
0.7669209837913513,4.658755779266357,0.0
0.7502605319023132,4.669820308685303,0.0
0.7335593104362488,4.680822372436523,0.0
0.7168223857879639,4.691770553588867,0.0
0.7000643014907837,4.702685832977295,0.0
0.6832572221755981,4.713525772094727,0.0
0.6664219498634338,4.724322319030762,0.0
0.649544358253479,4.735052585601807,0.0
0.6326093077659607,4.745691299438477,0.0
0.6156564950942993,4.7563018798828125,0.0
0.5986365079879761,4.766803741455078,0.0
0.5815515518188477,4.777200222015381,0.0
0.5644410848617554,4.787554740905762,0.0
0.5472533106803894,4.7977800369262695,0.0
0.5300140380859375,4.807918548583984,0.0
0.5127196311950684,4.817962169647217,0.0
0.49533769488334656,4.827853679656982,0.0
0.4779231548309326,4.837688446044922,0.0
0.460408478975296,4.847341060638428,0.0
0.44278576970100403,4.856796741485596,0.0
0.4251287579536438,4.86618709564209,0.0
0.4073562026023865,4.875354290008545,0.0
0.38949400186538696,4.884348392486572,0.0
0.3715647757053375,4.893204689025879,0.0
0.35350897908210754,4.901798725128174,0.0
0.3353932499885559,4.910268783569336,0.0
0.3171630799770355,4.918483257293701,0.0
0.2987942695617676,4.926386833190918,0.0
0.2803829312324524,4.934189796447754,0.0
0.26182276010513306,4.941624641418457,0.0
0.24313241243362427,4.948736667633057,0.0
0.22436442971229553,4.955625057220459,0.0
0.20541365444660187,4.961987018585205,0.0
0.18635745346546173,4.968045234680176,0.0
0.16718368232250214,4.973689079284668,0.0
0.14784787595272064,4.978760242462158,0.0
0.12846331298351288,4.98365592956543,0.0
0.1089266687631607,4.9878339767456055,0.0
0.08924121409654617,4.991312026977539,0.0
0.06951645761728287,4.994476318359375,0.0
0.04966943711042404,4.996668338775635,0.0
0.0297398678958416,4.998201370239258,0.0
0.009796742349863052,4.999078750610352,0.0
-0.01016895193606615,4.998899936676025,-1.3823577699190182e-18
-0.030143041163682938,4.998321533203125,0.0
-0.050041720271110535,4.99677848815918,0.0
-0.06985913962125778,4.994189262390137,0.0
-0.08964026719331741,4.991343975067139,0.0
-0.10928459465503693,4.987716197967529,0.0
-0.12882229685783386,4.983477592468262,0.0
-0.148267462849617,4.978872299194336,0.0
-0.16753336787223816,4.973559856414795,0.0
-0.1867137849330902,4.967906951904297,0.0
-0.205763578414917,4.961851119995117,0.0
-0.22465479373931885,4.9553022384643555,0.0
-0.24349874258041382,4.948615074157715,0.0
-0.26218754053115845,4.941514492034912,0.0
-0.28074008226394653,4.934048652648926,0.0
-0.29922300577163696,4.926421165466309,0.0
-0.3175402879714966,4.918403625488281,0.0
-0.33576056361198425,4.910159111022949,0.0
-0.3538874387741089,4.901716232299805,0.0
-0.3718847334384918,4.8929972648620605,0.0
-0.3898426592350006,4.884197235107422,0.0
-0.40768271684646606,4.8751630783081055,0.0
-0.42540663480758667,4.865899085998535,0.0
-0.44309696555137634,4.856573104858398,0.0
-0.4606819450855255,4.847049713134766,0.0
-0.4781937003135681,4.837390899658203,0.0
-0.49564793705940247,4.827629566192627,0.0
-0.513008177280426,4.817700386047363,0.0
-0.5303316116333008,4.8077073097229,0.0
-0.5475797057151794,4.797584533691406,0.0
-0.5647441148757935,4.787320137023926,0.0
-0.5818864107131958,4.7770185470581055,0.0
-0.5989556312561035,4.766597747802734,0.0
-0.615967869758606,4.756082534790039,0.0
-0.6329479217529297,4.745515823364258,0.0
-0.6498650312423706,4.734848499298096,0.0
-0.6667519807815552,4.724132537841797,0.0
-0.6835951805114746,4.713349342346191,0.0
-0.7003849744796753,4.702482223510742,0.0
-0.7171598672866821,4.691591739654541,0.0
-0.7338894605636597,4.680632591247559,0.0
-0.7505793571472168,4.669611930847168,0.0
-0.7672537565231323,4.6585693359375,0.0
-0.783891499042511,4.6474714279174805,0.0
-0.8005075454711914,4.6363396644592285,0.0
-0.8171027898788452,4.625177383422852,0.0
-0.8336694240570068,4.613972187042236,0.0
-0.8502269387245178,4.602754592895508,0.0
-0.8667629957199097,4.591504096984863,0.0
-0.8832771182060242,4.580222129821777,0.0
-0.8997865915298462,4.568933963775635,0.0
-0.9162818193435669,4.557623386383057,0.0
-0.9327661991119385,4.546299457550049,0.0
-0.9492462277412415,4.534966945648193,0.0
-0.9657180309295654,4.523623466491699,0.0
-0.9821866154670715,4.512275695800781,0.0
-0.9986547827720642,4.500926494598389,0.0
-1.015121340751648,4.489574909210205,0.0
-1.0315892696380615,4.478225231170654,0.0
-1.0480626821517944,4.466883659362793,0.0
-1.064540147781372,4.455549240112305,0.0
-1.0810245275497437,4.444223403930664,0.0
-1.0975207090377808,4.432915210723877,0.0
-1.1140236854553223,4.421616077423096,0.0
-1.1305415630340576,4.410340309143066,0.0
-1.1470787525177002,4.399092674255371,0.0
-1.1636228561401367,4.38785457611084,0.0
-1.1801930665969849,4.376655101776123,0.0
-1.1967875957489014,4.365490913391113,0.0
-1.213395118713379,4.354347229003906,0.0
-1.2300364971160889,4.343254089355469,0.0
-1.2466981410980225,4.332190990447998,0.0
-1.2633886337280273,4.321172714233398,0.0
-1.2801213264465332,4.31021785736084,0.0
-1.2968659400939941,4.299281597137451,0.0
-1.3136606216430664,4.288422107696533,0.0
-1.33050537109375,4.277639865875244,0.0
-1.347367286682129,4.266885280609131,0.0
-1.364288091659546,4.256223201751709,0.0
-1.3812496662139893,4.245626449584961,0.0
-1.3982517719268799,4.235095977783203,0.0
-1.415321946144104,4.224675178527832,0.0
-1.4324193000793457,4.214299201965332,0.0
-1.4495867490768433,4.204039573669434,0.0
-1.4668314456939697,4.193910598754883,0.0
-1.4841034412384033,4.183827877044678,0.0
-1.501470685005188,4.173911094665527,0.0
-1.5189144611358643,4.164128303527832,0.0
-1.5364103317260742,4.154439926147461,0.0
-1.5540095567703247,4.1449432373046875,0.0
-1.5716619491577148,4.135542392730713,0.0
-1.5894052982330322,4.12631893157959,0.0
-1.6072638034820557,4.117319583892822,0.0
-1.6251581907272339,4.1083903312683105,0.0
-1.6431794166564941,4.099725723266602,0.0
-1.6613166332244873,4.091301918029785,0.0
-1.6795083284378052,4.083000183105469,0.0
-1.6978390216827393,4.075013160705566,0.0
-1.7162549495697021,4.067216396331787,0.0
-1.734778642654419,4.059691905975342,0.0
-1.7534592151641846,4.052562236785889,0.0
-1.772188425064087,4.0455546379089355,0.0
-1.79109525680542,4.03906774520874,0.0
-1.8101822137832642,4.033107280731201,0.0
-1.8293156623840332,4.027316093444824,0.0
-1.8486076593399048,4.022090435028076,0.0
-1.8680108785629272,4.01726770401001,0.0
-1.8875083923339844,4.012903690338135,0.0
-1.9071639776229858,4.009320259094238,0.0
-1.9268852472305298,4.006058692932129,0.0
-1.946703314781189,4.003620624542236,0.0
-1.9666292667388916,4.002110481262207,0.0
-1.9865731000900269,4.00078821182251,0.0
-2.0065441131591797,3.999908924102783,0.0
-2.0265369415283203,3.999390125274658,0.0
-2.046522617340088,3.998713970184326,0.0
-2.066490411758423,3.997713327407837,0.0
-2.086449146270752,3.9965453147888184,0.0
-2.1063756942749023,3.994990825653076,0.0
-2.1262588500976562,3.992943525314331,0.0
-2.146127223968506,3.9907398223876953,0.0
-2.165910243988037,3.987940788269043,0.0
-2.185617208480835,3.98459529876709,0.0
-2.2052664756774902,3.980978012084961,0.0
-2.2247679233551025,3.976651668548584,0.0
-2.244178056716919,3.97188663482666,0.0
-2.2634224891662598,3.9665589332580566,0.0
-2.282424211502075,3.960405111312866,0.0
-2.301348924636841,3.9539883136749268,0.0
-2.3199119567871094,3.946659564971924,0.0
-2.3381075859069824,3.9383997917175293,0.0
-2.356128215789795,3.9298105239868164,0.0
-2.373551845550537,3.9201080799102783,0.0
-2.390544891357422,3.909604549407959,0.0
-2.4070749282836914,3.8984570503234863,0.0
-2.422806739807129,3.886197566986084,0.0
-2.438201904296875,3.8734707832336426,0.0
-2.452815055847168,3.859910726547241,0.0
-2.4665353298187256,3.845404624938965,0.0
-2.4799392223358154,3.830615282058716,0.0
-2.4921669960021973,3.8148860931396484,0.0
-2.5034279823303223,3.7983827590942383,0.0
-2.514212131500244,3.7815918922424316,0.0
-2.523996114730835,3.7641992568969727,0.0
-2.5332565307617188,3.7464921474456787,0.0
-2.541769504547119,3.7284412384033203,0.0
-2.549319267272949,3.7099478244781494,0.0
-2.5565872192382812,3.6913318634033203,0.0
-2.5629796981811523,3.6724138259887695,0.0
-2.568561553955078,3.6532158851623535,0.0
-2.573904037475586,3.63395619392395,0.0
-2.578605890274048,3.6145315170288086,0.0
-2.5829062461853027,3.5950050354003906,0.0
-2.586851119995117,3.5754098892211914,0.0
-2.5902678966522217,3.555711507797241,0.0
-2.5935122966766357,3.5359792709350586,0.0
-2.5963165760040283,3.5161843299865723,0.0
-2.5986688137054443,3.4963245391845703,0.0
-2.600919008255005,3.476454019546509,0.0
-2.602837562561035,3.456549644470215,0.0
-2.6045145988464355,3.4366202354431152,0.0
-2.6060569286346436,3.4166810512542725,0.0
-2.607363224029541,3.3967251777648926,0.0
-2.6085684299468994,3.3767621517181396,0.0
-2.609624147415161,3.3567917346954346,0.0
-2.610508441925049,3.3368113040924072,0.0
-2.6113510131835938,3.316828489303589,0.0
-2.612078905105591,3.296841621398926,0.0
-2.6127116680145264,3.276851177215576,0.0
-2.613314390182495,3.25685977935791,0.0
-2.6138525009155273,3.2368671894073486,0.0
-2.61435604095459,3.2168734073638916,0.0
-2.614845037460327,3.196878671646118,0.0
-2.615314483642578,3.1768834590911865,0.0
-2.615780830383301,3.156888484954834,0.0
-2.6162683963775635,3.136894464492798,0.0
-2.6167759895324707,3.116900682449341,0.0
-2.617305040359497,3.096907377243042,0.0
-2.6178932189941406,3.0769155025482178,0.0
-2.618518829345703,3.056924819946289,0.0
-2.6192076206207275,3.0369367599487305,0.0
-2.619990587234497,3.0169522762298584,0.0
-2.620805263519287,2.9969687461853027,0.0
-2.6217432022094727,2.9769911766052246,0.0
-2.6228091716766357,2.957019567489624,0.0
-2.623922109603882,2.93705153465271,0.0
-2.6251955032348633,2.917093276977539,0.0
-2.626586675643921,2.897142171859741,0.0
-2.6280856132507324,2.8771989345550537,0.0
-2.6297767162323,2.857271671295166,0.0
-2.6315512657165527,2.8373513221740723,0.0
-2.6335179805755615,2.817450523376465,0.0
-2.635706901550293,2.797572374343872,0.0
-2.637967348098755,2.7777023315429688,0.0
-2.6404802799224854,2.7578635215759277,0.0
-2.643204689025879,2.738050937652588,0.0
-2.6460587978363037,2.7182586193084717,0.0
-2.6491947174072266,2.69851016998291,0.0
-2.652482271194458,2.678784132003784,0.0
-2.656005620956421,2.6591012477874756,0.0
-2.6598386764526367,2.6394753456115723,0.0
-2.6637659072875977,2.6198678016662598,0.0
-2.66802978515625,2.6003334522247314,0.0
-2.672609567642212,2.5808675289154053,0.0
-2.677319288253784,2.561434745788574,0.0
-2.682389974594116,2.5420939922332764,0.0
-2.6876916885375977,2.5228121280670166,0.0
-2.6932451725006104,2.503605365753174,0.0
-2.699181079864502,2.4845123291015625,0.0
-2.705247640609741,2.4654574394226074,0.0
-2.711697578430176,2.446532964706421,0.0
-2.718547821044922,2.4277448654174805,0.0
-2.7255210876464844,2.4090042114257812,0.0
-2.73290753364563,2.3904244899749756,0.0
-2.7406013011932373,2.3719642162323,0.0
-2.7485461235046387,2.3536157608032227,0.0
-2.7569422721862793,2.3354673385620117,0.0
-2.7655396461486816,2.317408561706543,0.0
-2.7745187282562256,2.2995445728302,0.0
-2.7839443683624268,2.2819082736968994,0.0
-2.7935006618499756,2.2643423080444336,0.0
-2.803483247756958,2.2470219135284424,0.0
-2.813826560974121,2.2299087047576904,0.0
-2.8243579864501953,2.212916612625122,0.0
-2.8353044986724854,2.19619083404541,0.0
-2.84647798538208,2.1796107292175293,0.0
-2.8579506874084473,2.1632437705993652,0.0
-2.8698205947875977,2.1471598148345947,0.0
-2.881808280944824,2.1311612129211426,0.0
-2.8941714763641357,2.1154565811157227,0.0
-2.9068894386291504,2.100031614303589,0.0
-2.9197301864624023,2.0847115516662598,0.0
-2.932920217514038,2.0696897506713867,0.0
-2.9463367462158203,2.0548617839813232,0.0
-2.959989070892334,2.040256977081299,0.0
-2.9740045070648193,2.0259950160980225,0.0
-2.988147020339966,2.011852741241455,0.0
-3.0023043155670166,1.997725248336792,0.0
-3.016476631164551,1.98361337184906,0.0
-3.030588388442993,1.9694432020187378,0.0
-3.0444533824920654,1.955038070678711,0.0
-3.0581324100494385,1.9404566287994385,0.0
-3.071639060974121,1.9257197380065918,0.0
-3.0848302841186523,1.9106996059417725,0.0
-3.09787917137146,1.8955512046813965,0.0
-3.110635757446289,1.880162239074707,0.0
-3.1230478286743164,1.8644883632659912,0.0
-3.135352373123169,1.8487297296524048,0.0
-3.147282838821411,1.832688331604004,0.0
-3.158893585205078,1.8164052963256836,0.0
-3.1703076362609863,1.7999892234802246,0.0
-3.181278944015503,1.783273696899414,0.0
-3.192004442214966,1.7663930654525757,0.0
-3.202390670776367,1.7493098974227905,0.0
-3.2123217582702637,1.7319549322128296,0.0
-3.222116470336914,1.7145206928253174,0.0
-3.231459379196167,1.6968483924865723,0.0
-3.240370512008667,1.6789482831954956,0.0
-3.2491180896759033,1.6609729528427124,0.0
-3.2573907375335693,1.642777919769287,0.0
-3.2653512954711914,1.6244382858276367,0.0
-3.2729945182800293,1.6059703826904297,0.0
-3.2801425457000732,1.5873032808303833,0.0
-3.2871131896972656,1.5685659646987915,0.0
-3.293602466583252,1.549663782119751,0.0
-3.2995800971984863,1.530586838722229,0.0
-3.305401563644409,1.5114645957946777,0.0
-3.310698986053467,1.4921947717666626,0.0
-3.315598964691162,1.4728126525878906,0.0
-3.3202109336853027,1.4533655643463135,0.0
-3.3242902755737305,1.4337986707687378,0.0
-3.328124761581421,1.4141770601272583,0.0
-3.331508159637451,1.394479751586914,0.0
-3.3343546390533447,1.374692678451538,0.0
-3.3370399475097656,1.3548831939697266,0.0
-3.3391873836517334,1.3350132703781128,0.0
-3.340871810913086,1.3150908946990967,0.0
-3.3423216342926025,1.2951552867889404,0.0
-3.3432369232177734,1.27518892288208,0.0
-3.3438518047332764,1.2552043199539185,0.0
-3.3440771102905273,1.235217571258545,0.0
-3.343773365020752,1.21522855758667,0.0
-3.3433117866516113,1.195239782333374,0.0
-3.3423304557800293,1.1752755641937256,0.0
-3.340848207473755,1.1553354263305664,0.0
-3.339195728302002,1.1354126930236816,0.0
-3.337034225463867,1.1155400276184082,0.0
-3.3345346450805664,1.0957006216049194,0.0
-3.331721067428589,1.07590913772583,0.0
-3.32841157913208,1.0561931133270264,0.0
-3.324921131134033,1.0365041494369507,0.0
-3.320981025695801,1.0169051885604858,0.0
-3.316559314727783,0.9974034428596497,0.0
-3.311997652053833,0.9779355525970459,0.0
-3.30696964263916,0.9585853815078735,0.0
-3.301584005355835,0.9393260478973389,0.0
-3.2959587574005127,0.9201401472091675,0.0
-3.2898831367492676,0.9010909795761108,0.0
-3.2835965156555176,0.8821055293083191,0.0
-3.276949167251587,0.8632489442825317,0.0
-3.269867420196533,0.8445471525192261,0.0
-3.262655735015869,0.8258939981460571,0.0
-3.2550132274627686,0.8074169158935547,0.0
-3.2469964027404785,0.7890936136245728,0.0
-3.2388017177581787,0.7708526253700256,0.0
-3.230194568634033,0.7528035044670105,0.0
-3.2213528156280518,0.7348646521568298,0.0
-3.212228775024414,0.7170733213424683,0.0
-3.2027175426483154,0.6994834542274475,0.0
-3.1930906772613525,0.681954026222229,0.0
-3.1830925941467285,0.6646396517753601,0.0
-3.172734498977661,0.6475342512130737,0.0
-3.162259101867676,0.6305028796195984,0.0
-3.1514275074005127,0.61369788646698,0.0
-3.1403565406799316,0.5970456600189209,0.0
-3.1290712356567383,0.5805422067642212,0.0
-3.117443799972534,0.5642760992050171,0.0
-3.105689525604248,0.5480992197990417,0.0
-3.093632698059082,0.5321529507637024,0.0
-3.0812485218048096,0.5164549350738525,0.0
-3.0687692165374756,0.5008331537246704,0.0
-3.0559768676757812,0.4854700565338135,0.0
-3.0429420471191406,0.47030729055404663,0.0
-3.029750347137451,0.45528489351272583,0.0
-3.016258478164673,0.44053032994270325,0.0
-3.002624750137329,0.42590346932411194,0.0
-2.988755464553833,0.4115048050880432,0.0
-2.974599599838257,0.3973831236362457,0.0
-2.960360288619995,0.3833460509777069,0.0
-2.9458484649658203,0.3695952296257019,0.0
-2.9310970306396484,0.35609471797943115,0.0
-2.9162354469299316,0.34271830320358276,0.0
-2.9011144638061523,0.32963645458221436,0.0
-2.8858437538146973,0.31672483682632446,0.0
-2.870394706726074,0.3040313124656677,0.0
-2.854698419570923,0.2916399836540222,0.0
-2.838928461074829,0.27934014797210693,0.0
-2.822904586791992,0.26738035678863525,0.0
-2.806630849838257,0.25575244426727295,0.0
-2.790283679962158,0.24423225224018097,0.0
-2.773707866668701,0.23304933309555054,0.0
-2.7569751739501953,0.22209498286247253,0.0
-2.7401154041290283,0.21134468913078308,0.0
-2.723050355911255,0.20092442631721497,0.0
-2.7059073448181152,0.19062992930412292,0.0
-2.688587188720703,0.18064391613006592,0.0
-2.671074151992798,0.17099377512931824,0.0
-2.6535069942474365,0.16144564747810364,0.0
-2.635761260986328,0.1522396355867386,0.0
-2.6178743839263916,0.14330050349235535,0.0
-2.5999021530151367,0.13454076647758484,0.0
-2.58176589012146,0.12612855434417725,0.0
-2.563549518585205,0.11788374185562134,0.0
-2.545208692550659,0.10992535203695297,0.0
-2.526716470718384,0.10231819748878479,0.0
-2.508181095123291,0.09481662511825562,0.0
-2.4895074367523193,0.08766943216323853,0.0
-2.4707117080688477,0.08083565533161163,0.0
-2.451857089996338,0.0741756409406662,0.0
-2.432860851287842,0.06793443858623505,0.0
-2.4137794971466064,0.06193789094686508,0.0
-2.3946194648742676,0.05621466785669327,0.0
-2.375349760055542,0.05087463557720184,0.0
-2.3560471534729004,0.04564879834651947,0.0
-2.336653470993042,0.040788937360048294,0.0
-2.3171706199645996,0.03629041463136673,0.0
-2.297664165496826,0.03190594166517258,0.0
-2.278080463409424,0.027886200696229935,0.0
-2.2584433555603027,0.024117231369018555,0.0
-2.2387681007385254,0.02056995779275894,0.0
-2.2190299034118652,0.01738511212170124,0.0
-2.199265956878662,0.014340806752443314,0.0
-2.1794562339782715,0.011623070575296879,0.0
-2.159597158432007,0.009264037013053894,0.0
-2.1397242546081543,0.007032941095530987,0.0
-2.1198079586029053,0.005258950404822826,0.0
-2.099857807159424,0.0038461023941636086,0.0
-2.0798988342285156,0.002620350569486618,0.0
-2.0599217414855957,0.0017618928104639053,0.0
-2.039936065673828,0.0010836627334356308,0.0
-2.0199460983276367,0.0006018197163939476,0.0
-1.9999501705169678,0.0003628651611506939,0.0
-1.9799525737762451,0.00019355164840817451,0.0
-1.959953784942627,0.00023906677961349487,0.0
-1.9399547576904297,0.00047626160085201263,0.0
-1.9199566841125488,0.0007557347416877747,0.0
-1.8999601602554321,0.0011391048319637775,0.0
-1.87996506690979,0.001584076788276434,0.0
-1.8599728345870972,0.002111316192895174,0.0
-1.8399829864501953,0.0027550808154046535,0.0
-1.8199939727783203,0.003433630336076021,0.0
-1.80000901222229,0.004211730789393187,0.0
-1.7800283432006836,0.00508884247392416,0.0
-1.7600489854812622,0.006001325324177742,0.0
-1.740074872970581,0.0070299068465828896,0.0
-1.7201050519943237,0.00813916977494955,0.0
-1.7001391649246216,0.009307506494224072,0.0
-1.6801787614822388,0.010573726147413254,0.0
-1.660220980644226,0.011878682300448418,0.0
-1.6402711868286133,0.013287960551679134,0.0
-1.6203290224075317,0.014812814071774483,0.0
-1.600389003753662,0.01637033186852932,0.0
-1.5804585218429565,0.018033765256404877,0.0
-1.5605355501174927,0.019781675189733505,0.0
-1.5406168699264526,0.021581098437309265,0.0
-1.5207067728042603,0.023483239114284515,0.0
-1.5008015632629395,0.02543650008738041,0.0
-1.4809068441390991,0.027486521750688553,0.0
-1.4610244035720825,0.029657462611794472,0.0
-1.4411462545394897,0.03186347708106041,0.0
-1.4212815761566162,0.034179821610450745,0.0
-1.4014281034469604,0.036595556885004044,0.0
-1.381579875946045,0.039054885506629944,0.0
-1.3617455959320068,0.041623231023550034,0.0
-1.341920018196106,0.04425704851746559,0.0
-1.322105050086975,0.046970997005701065,0.0
-1.3023054599761963,0.049799658358097076,0.0
-1.28251051902771,0.052662890404462814,0.0
-1.2627356052398682,0.055655587464571,0.0
-1.2429803609848022,0.05877804011106491,0.0
-1.2232314348220825,0.061935488134622574,0.0
-1.20350182056427,0.06520994752645493,0.0
-1.183785319328308,0.06856679171323776,0.0
-1.16408109664917,0.07199518382549286,0.0
-1.1443986892700195,0.07554343342781067,0.0
-1.124725341796875,0.07914002984762192,0.0
-1.105072021484375,0.08284686505794525,0.0
-1.0854415893554688,0.08667679876089096,0.0
-1.0658190250396729,0.09054649621248245,0.0
-1.0462244749069214,0.0945543497800827,0.0
-1.026652455329895,0.09867347776889801,0.0
-1.0070955753326416,0.10285986959934235,0.0
-0.9875692129135132,0.10718254745006561,0.0
-0.9680576324462891,0.11157433688640594,0.0
-0.948570191860199,0.11607221513986588,0.0
-0.9291139841079712,0.12070365995168686,0.0
-0.9096676707267761,0.12537533044815063,0.0
-0.8902549147605896,0.13018441200256348,0.0
-0.8708725571632385,0.1351182609796524,0.0
-0.8515048027038574,0.14010736346244812,0.0
-0.8321741819381714,0.14523759484291077,0.0
-0.8128662705421448,0.15045371651649475,0.0
-0.7935876846313477,0.15577298402786255,0.0
-0.774350643157959,0.16124193370342255,0.0
-0.7551256418228149,0.16675738990306854,0.0
-0.7359488010406494,0.17243579030036926,0.0
-0.7168207168579102,0.17827878892421722,0.0
-0.697708010673523,0.18416783213615417,0.0
-0.678644061088562,0.19021131098270416,0.0
-0.659614086151123,0.19636479020118713,0.0
-0.6406151652336121,0.20261186361312866,0.0
-0.6216689348220825,0.20901793241500854,0.0
-0.6027445197105408,0.215489462018013,0.0
-0.5838712453842163,0.22210611402988434,0.0
-0.565056562423706,0.22888600826263428,0.0
-0.546259880065918,0.23571568727493286,0.0
-0.5275248885154724,0.24271395802497864,0.0
-0.5088413953781128,0.24984881281852722,0.0
-0.49019187688827515,0.25707051157951355,0.0
-0.47161170840263367,0.2644711434841156,0.0
-0.4530675709247589,0.27196353673934937,0.0
-0.43458738923072815,0.27960923314094543,0.0
-0.41618865728378296,0.28745004534721375,0.0
-0.3978142738342285,0.2953484058380127,0.0
-0.37952175736427307,0.303430438041687,0.0
-0.36130356788635254,0.31168097257614136,0.0
-0.3431183695793152,0.320004403591156,0.0
-0.3250212073326111,0.32851678133010864,0.0
-0.3069782853126526,0.3371456265449524,0.0
-0.2890012562274933,0.345906525850296,0.0
-0.27111971378326416,0.3548612594604492,0.0
-0.25326767563819885,0.3638778030872345,0.0
-0.23551762104034424,0.3730891942977905,0.0
-0.21786989271640778,0.38249972462654114,0.0
-0.20025572180747986,0.3919733762741089,0.0
-0.18275761604309082,0.4016568958759308,0.0
-0.16534307599067688,0.4114910662174225,0.0
-0.14800593256950378,0.42145779728889465,0.0
-0.13080129027366638,0.43165335059165955,0.0
-0.1136532574892044,0.4419442415237427,0.0
-0.09662122279405594,0.45242294669151306,0.0
-0.07972031831741333,0.46311551332473755,0.0
-0.06283877789974213,0.47383928298950195,0.0
-0.04597698897123337,0.48459386825561523,0.0
-0.029131392017006874,0.4953737258911133,0.0
-0.012146011926233768,0.5059157013893127,0.0
0.005130867473781109,0.5159599184989929,0.0
0.022560175508260727,0.5257446765899658,0.0
0.040290169417858124,0.534940779209137,0.0
0.05840594694018364,0.5433793067932129,0.0
0.07663533836603165,0.5515792369842529,0.0
0.09522577375173569,0.5588658452033997,0.0
0.114150270819664,0.5653096437454224,0.0
0.1331637054681778,0.5714524984359741,0.0
0.1524108350276947,0.5767942667007446,0.0
0.1718043088912964,0.5816362500190735,0.0
0.19130998849868774,0.5859478116035461,0.0
0.21097952127456665,0.5894733667373657,0.0
0.23070064187049866,0.5927433967590332,0.0
0.2505195736885071,0.5952364206314087,0.0
0.27043962478637695,0.5969321727752686,0.0
0.290371298789978,0.5983959436416626,0.0
0.3103390038013458,0.5990866422653198,0.0
0.3303336799144745,0.5992158651351929,0.0
0.3503190577030182,0.5989828109741211,0.0
0.370288223028183,0.598117470741272,0.0
0.39024966955184937,0.5969821810722351,0.0
0.4101696014404297,0.59534752368927,0.0
0.4300411343574524,0.5931404232978821,0.0
0.4498932361602783,0.590770959854126,0.0
0.46967360377311707,0.587880551815033,0.0
0.4893938899040222,0.5845585465431213,0.0
0.5090683698654175,0.5810003280639648,0.0
0.5286448001861572,0.5769404172897339,0.0
0.548169732093811,0.5726147890090942,0.0
0.567622721195221,0.5679906010627747,0.0
0.5869803428649902,0.562978982925415,0.0
0.6063095331192017,0.5578545331954956,0.0
0.6255441904067993,0.5523890256881714,0.0
0.6446894407272339,0.546606183052063,0.0
0.6637979745864868,0.5407139658927917,0.0
0.6828114986419678,0.534523606300354,0.0
0.701765775680542,0.5281445980072021,0.0
0.7206584215164185,0.521592378616333,0.0
0.7394599318504333,0.5147801041603088,0.0
0.7582319974899292,0.5078811645507812,0.0
0.7769211530685425,0.5007641911506653,0.0
0.7955247163772583,0.49342167377471924,0.0
0.8141036033630371,0.4860202968120575,0.0
0.8326033353805542,0.47842442989349365,0.0
0.8510456085205078,0.4706854224205017,0.0
0.8694457411766052,0.4628482758998871,0.0
0.8877713680267334,0.45483729243278503,0.0
0.9060644507408142,0.44675078988075256,0.0
0.9243024587631226,0.4385422468185425,0.0
0.9424760937690735,0.43019285798072815,0.0
0.9606322646141052,0.4218055009841919,0.0
0.978735089302063,0.413303017616272,0.0
0.9967918992042542,0.40470486879348755,0.0
1.0148277282714844,0.3960631787776947,0.0
1.0328195095062256,0.3873271048069,0.0
1.0507876873016357,0.3785400986671448,0.0
1.0687271356582642,0.3696969747543335,0.0
1.0866293907165527,0.3607800602912903,0.0
1.1045221090316772,0.3518418073654175,0.0
1.1223852634429932,0.3428492248058319,0.0
1.1402230262756348,0.3338046371936798,0.0
1.158053994178772,0.32474684715270996,0.0
1.1758671998977661,0.315652072429657,0.0
1.1936683654785156,0.3065338730812073,0.0
1.2114636898040771,0.2974035143852234,0.0
1.229250192642212,0.2882547378540039,0.0
1.2470333576202393,0.279099702835083,0.0
1.2648159265518188,0.2699456214904785,0.0
1.2825980186462402,0.26079216599464417,0.0
1.3003835678100586,0.25164347887039185,0.0
1.3181788921356201,0.2425144761800766,0.0
1.3359819650650024,0.2334001213312149,0.0
1.3537956476211548,0.22430823743343353,0.0
1.371630072593689,0.215256005525589,0.0
1.3894745111465454,0.20622095465660095,0.0
1.4073450565338135,0.19723892211914062,0.0
1.4252461194992065,0.18831877410411835,0.0
1.4431586265563965,0.17942215502262115,0.0
1.461117148399353,0.1706196367740631,0.0
1.479114055633545,0.1618969440460205,0.0
1.4971375465393066,0.15322929620742798,0.0
1.5152199268341064,0.14468228816986084,0.0
1.5333331823349,0.13620159029960632,0.0
1.5514980554580688,0.1278344690799713,0.0
1.5697320699691772,0.11961758136749268,0.0
1.5879871845245361,0.11144767701625824,0.0
1.606323480606079,0.10346454381942749,0.0
1.6247363090515137,0.09565819054841995,0.0
1.6431825160980225,0.0879325270652771,0.0
1.6617220640182495,0.08043590933084488,0.0
1.680322289466858,0.07308734208345413,0.0
1.6989996433258057,0.0659424290060997,0.0
1.717793583869934,0.0591103658080101,0.0
1.7366284132003784,0.05238718539476395,0.0
1.7555835247039795,0.04602862149477005,0.0
1.7746661901474,0.04005312919616699,0.0
1.7937872409820557,0.034204911440610886,0.0
1.8130333423614502,0.028791353106498718,0.0
1.8323732614517212,0.023703623563051224,0.0
1.851789951324463,0.018954908475279808,0.0
1.871346354484558,0.014822968281805515,0.0
1.8909648656845093,0.010968946851789951,0.0
1.9106788635253906,0.0077210282906889915,0.0
1.9305064678192139,0.0051869857124984264,0.0
1.9503604173660278,0.002896726131439209,-4.930722496965245e-12
1.9702814817428589,0.0015235543251037598,-4.317080026794429e-11
1.9902606010437012,0.0009316154755651951,-1.0978951081597188e-10
2.0102429389953613,0.0005942010320723057,-2.327469467156007e-10
2.0302324295043945,0.0008258214220404625,-4.816593790479828e-10
2.0502254962921143,0.0013719494454562664,-8.001879159280634e-10
2.0702004432678223,0.002259282860904932,-1.316397435502381e-09
2.090151071548462,0.0036035943776369095,-2.09736183975906e-09
2.1100940704345703,0.005077268462628126,-2.953199906841064e-09
2.1300108432769775,0.006846794858574867,-3.97883592739845e-09
2.1499011516571045,0.008898582309484482,-5.16646903037099e-09
2.1697819232940674,0.011040408164262772,-6.405536545628365e-09
2.1896321773529053,0.013443099334836006,-7.793621747964607e-09
2.209463119506836,0.016016721725463867,-9.279353285762681e-09
2.2292633056640625,0.01881130412220955,-1.0890106594274584e-08
2.2490134239196777,0.021948587149381638,-1.269476257448332e-08
2.268746852874756,0.025207985192537308,-1.4568515283031047e-08
2.2884364128112793,0.028709357604384422,-1.6577274664086872e-08
2.308077812194824,0.03246692568063736,-1.8728972150938716e-08
2.327707529067993,0.03628181666135788,-2.0912505505066292e-08
2.3473024368286133,0.040273841470479965,-2.3194289155981096e-08
2.3668718338012695,0.0444001704454422,-2.5550573212740346e-08
2.3864078521728516,0.048671185970306396,-2.7986324369067006e-08
2.405884027481079,0.05320955812931061,-3.0568923392593206e-08
2.4253339767456055,0.057870589196681976,-3.321889963103786e-08
2.4447405338287354,0.06270167231559753,-3.5960674438229034e-08
2.464094877243042,0.06773493438959122,-3.8811585056919284e-08
2.4834365844726562,0.07281813025474548,-4.168942524529484e-08
2.5027453899383545,0.07802820950746536,-4.463553793243591e-08
2.5220251083374023,0.0833471417427063,-4.7640213551858324e-08
2.541271209716797,0.08878162503242493,-5.070607400625704e-08
2.560441493988037,0.09447919577360153,-5.3911264785710955e-08
2.57956862449646,0.1003241017460823,-5.719446960483765e-08
2.5986671447753906,0.10625895857810974,-6.052430734371228e-08
2.6177258491516113,0.11231529712677002,-6.391712759068469e-08
2.636772632598877,0.1184089183807373,-6.732927460006977e-08
2.6557741165161133,0.1246468648314476,-7.081627018123982e-08
2.6747307777404785,0.13102313876152039,-7.437498084073013e-08
2.6936635971069336,0.13746750354766846,-7.796819545546896e-08
2.712526321411133,0.14411436021327972,-8.166402665210626e-08
2.73134183883667,0.15089508891105652,-8.542766494201715e-08
2.7501378059387207,0.15772542357444763,-8.921615801682492e-08
2.7689051628112793,0.1646345853805542,-9.304421411115982e-08
2.787662982940674,0.17157268524169922,-9.688679369901365e-08
2.806346893310547,0.17870338261127472,-1.0082452206461312e-07
2.8249526023864746,0.1860402375459671,-1.0486412804766587e-07
2.8435447216033936,0.19341343641281128,-1.0892139101770226e-07
2.8620970249176025,0.20088361203670502,-1.1302527980205923e-07
2.8806183338165283,0.20842796564102173,-1.1716482362089664e-07
2.899110794067383,0.21604108810424805,-1.213374218878016e-07
2.917551040649414,0.22378391027450562,-1.2557239870147896e-07
2.935966730117798,0.23158696293830872,-1.298363372370659e-07
2.9543256759643555,0.23951832950115204,-1.3416018873613211e-07
2.9726181030273438,0.2476043552160263,-1.3855630243142514e-07
2.9908957481384277,0.25572454929351807,-1.4296836070570862e-07
3.0091447830200195,0.2639084458351135,-1.4741016229891102e-07
3.0273690223693848,0.27214720845222473,-1.5187754343060078e-07
3.0455517768859863,0.28047460317611694,-1.5638501338344213e-07
3.0636396408081055,0.2890075147151947,-1.6098555022381333e-07
3.081672191619873,0.29765668511390686,-1.6563865301577607e-07
3.09968638420105,0.3063441514968872,-1.703085672488669e-07
3.1176767349243164,0.31508466601371765,-1.7500191518138308e-07
3.135657787322998,0.32384413480758667,-1.7970359067476238e-07
3.153557300567627,0.3327636420726776,-1.844751977841952e-07
3.171379566192627,0.3418390154838562,-1.8931501699626097e-07
3.1891863346099854,0.3509460985660553,-1.9416827967688732e-07
3.206942558288574,0.3601478636264801,-1.990614748592634e-07
3.2246651649475098,0.3694133460521698,-2.039816138221795e-07
3.2423529624938965,0.3787475824356079,-2.089308281938429e-07
3.2599844932556152,0.38819053769111633,-2.1392598625880055e-07
3.277594804763794,0.39767390489578247,-2.1893821156027116e-07
3.2951302528381348,0.40728959441185,-2.2400419652512937e-07
3.312587022781372,0.41704875230789185,-2.2912857389201235e-07
3.330030679702759,0.42683154344558716,-2.3426258621839224e-07
3.3474409580230713,0.43667271733283997,-2.3942027382872766e-07
3.3648269176483154,0.4465596079826355,-2.445966060804494e-07
3.3821535110473633,0.45654791593551636,-2.49812615038536e-07
3.3993685245513916,0.46672868728637695,-2.5510388468319434e-07
3.4165291786193848,0.4770002067089081,-2.604306246212218e-07
3.433664560317993,0.487313449382782,-2.657731101862737e-07
3.4507691860198975,0.49767762422561646,-2.711348656703194e-07
3.467855215072632,0.5080703496932983,-2.7650730771711096e-07
3.4848415851593018,0.5186248421669006,-2.81940401691827e-07
3.5017411708831787,0.5293212532997131,-2.874268716368533e-07
3.51861572265625,0.5400586724281311,-2.929280640273646e-07
3.5354278087615967,0.5508910417556763,-2.984633056257735e-07
3.552203416824341,0.5617778897285461,-3.040181013602705e-07
3.5689282417297363,0.5727448463439941,-3.096016598647111e-07
3.5855801105499268,0.5838214159011841,-3.152244971715845e-07
3.6022095680236816,0.5949318408966064,-3.208594421266753e-07
3.6187334060668945,0.6061973571777344,-3.265476493652386e-07
3.6351537704467773,0.6176140904426575,-3.32287697801803e-07
3.6515605449676514,0.6290507316589355,-3.3803451060521184e-07
3.667924165725708,0.6405485272407532,-3.4380215652163315e-07
3.6842589378356934,0.6520880460739136,-3.4958407013618853e-07
3.700500965118408,0.6637572050094604,-3.5540838894121407e-07
3.716592788696289,0.6756343841552734,-3.6130069247519714e-07
3.7326276302337646,0.6875903010368347,-3.6721883134305244e-07
3.748607635498047,0.6996169090270996,-3.731587980837503e-07
3.764528274536133,0.71172034740448,-3.7912258221695083e-07
3.78041934967041,0.7238610982894897,-3.8509784872076125e-07
3.796199321746826,0.7361458539962769,-3.911178509952151e-07
3.811894416809082,0.7485436201095581,-3.9717303934594383e-07
3.827521800994873,0.7610230445861816,-4.0325215877601295e-07
3.843020439147949,0.7736610174179077,-4.0937791823125735e-07
3.8584578037261963,0.786375880241394,-4.155264150540461e-07
3.87383770942688,0.7991614937782288,-4.2169551761617186e-07
3.889145851135254,0.8120323419570923,-4.2788931864379265e-07
3.9044179916381836,0.8249444365501404,-4.340946588854422e-07
3.919497013092041,0.8380799293518066,-4.4036198687535943e-07
3.9344050884246826,0.8514114618301392,-4.4668360033028875e-07
3.949268341064453,0.8647919297218323,-4.530179467110429e-07
3.964024305343628,0.8782904744148254,-4.5938315906823846e-07
3.9787168502807617,0.8918576240539551,-4.6576627710237517e-07
3.9933221340179443,0.905518651008606,-4.7217378096320317e-07
4.007804870605469,0.9193102121353149,-4.786149929714156e-07
4.022250175476074,0.9331426024436951,-4.850668346989551e-07
4.036458969116211,0.947213888168335,-4.915765998703137e-07
4.050434112548828,0.9615200161933899,-4.981432653039519e-07
4.064366340637207,0.9758673906326294,-5.047193099017022e-07
4.078159809112549,0.9903461933135986,-5.113250836075167e-07
4.09185791015625,1.0049149990081787,-5.179512641007022e-07
4.105447769165039,1.0195832252502441,-5.245994429969869e-07
4.118863582611084,1.0344140529632568,-5.312838311510859e-07
4.132211208343506,1.0493085384368896,-5.379825438467378e-07
4.1452765464782715,1.0644444227218628,-5.447299713523535e-07
4.15803337097168,1.0798454284667969,-5.515310590453737e-07
4.170717239379883,1.0953062772750854,-5.583436859524227e-07
4.183187007904053,1.1109371185302734,-5.651872925227508e-07
4.195486545562744,1.126701831817627,-5.720553417631891e-07
4.2076616287231445,1.142561435699463,-5.789397619082592e-07
4.219593048095703,1.1586066484451294,-5.858562417415669e-07
4.231404781341553,1.1747421026229858,-5.927882398282236e-07
4.242905139923096,1.1910958290100098,-5.997533776280761e-07
4.254021167755127,1.2077199220657349,-6.067597269066027e-07
4.26501989364624,1.2244224548339844,-6.137770469649695e-07
4.275616645812988,1.241375207901001,-6.20824266661657e-07
4.285853862762451,1.2585499286651611,-6.278976343310205e-07
4.295925617218018,1.2758169174194336,-6.349791874527e-07
4.305591583251953,1.2933106422424316,-6.42080919988075e-07
4.3150177001953125,1.3109381198883057,-6.491943622677354e-07
4.324106693267822,1.3287343978881836,-6.563172405549267e-07
4.332718849182129,1.3467693328857422,-6.634531928284559e-07
4.341187953948975,1.3648757934570312,-6.705929536110489e-07
4.349093914031982,1.3832275867462158,-6.777344196962076e-07
4.356441020965576,1.4018234014511108,-6.848777616141888e-07
4.3635687828063965,1.4204981327056885,-6.920156465639593e-07
4.369978427886963,1.439427375793457,-6.99134261594736e-07
4.375890254974365,1.4585336446762085,-7.062395752654993e-07
4.381288051605225,1.4777737855911255,-7.133138524295646e-07
4.385838508605957,1.4972333908081055,-7.203360610219534e-07
4.390054702758789,1.5167797803878784,-7.273378059835522e-07
4.393459320068359,1.5364584922790527,-7.342624712691759e-07
4.395968437194824,1.5562835931777954,-7.411018714265083e-07
4.398185729980469,1.5761356353759766,-7.479064834114979e-07
4.39939546585083,1.5960547924041748,-7.545808102804585e-07
4.399801254272461,1.6160277128219604,-7.611519095007679e-07
4.399653911590576,1.6359797716140747,-7.676317181903869e-07
4.398407936096191,1.6558899879455566,-7.739300826870021e-07
4.396615982055664,1.675778865814209,-7.801380661476287e-07
4.393904685974121,1.695528507232666,-7.861584663260146e-07
4.390047073364258,1.7151057720184326,-7.919452400528826e-07
4.385848045349121,1.7346165180206299,-7.976573215273675e-07
4.380513668060303,1.7538187503814697,-8.030910976231098e-07
4.374159812927246,1.7727441787719727,-8.082749332061212e-07
4.367379665374756,1.791497826576233,-8.133353048833669e-07
4.359537601470947,1.8098244667053223,-8.180880968211568e-07
4.3510589599609375,1.8278956413269043,-8.226566023949999e-07
4.341919898986816,1.8456153869628906,-8.270045555036631e-07
4.331836700439453,1.8628312349319458,-8.310369139508111e-07
4.321470737457275,1.8798961639404297,-8.349746849489748e-07
4.310303688049316,1.8964290618896484,-8.386089120904217e-07
4.298336029052734,1.912428617477417,-8.419392543146387e-07
4.2861647605896,1.9282660484313965,-8.451833650724438e-07
4.273314952850342,1.94356107711792,-8.48139166009787e-07
4.259989261627197,1.9584758281707764,-8.508928317496611e-07
4.246245861053467,1.9729762077331543,-8.534416338079609e-07
4.231802940368652,1.9867846965789795,-8.556477268939489e-07
4.217077732086182,2.0003154277801514,-8.577161452194559e-07
4.201996803283691,2.013423204421997,-8.595860663263011e-07
4.186519145965576,2.026059865951538,-8.612346391601022e-07
4.17094087600708,2.038569927215576,-8.628247769593145e-07
4.155054092407227,2.0506858825683594,-8.642334137221042e-07
4.138919353485107,2.062485694885254,-8.65496190272097e-07
4.122602462768555,2.0740227699279785,-8.666416420055612e-07
4.105916976928711,2.0850319862365723,-8.675504545863078e-07
4.089045524597168,2.0957751274108887,-8.683399528308655e-07
4.071978569030762,2.1061840057373047,-8.689855803822866e-07
4.054665565490723,2.116173028945923,-8.694500479577982e-07
4.037291049957275,2.12605619430542,-8.698689271113835e-07
4.01979398727417,2.1357316970825195,-8.701981641934253e-07
4.002187252044678,2.145218849182129,-8.704463425601716e-07
3.984562635421753,2.1546738147735596,-8.705810614628717e-07